task_id,question,answer,raw_type,level,matched_relation_terms,matched_chain_templates,support_titles,context_titles_preview
hp_dev_1380,Abraham Lincoln Neiman and his wife Carrie Marcus Neiman cofounded Neiman Marcus with Carrie's brother Herbert in which American city in 1907?,Dallas,bridge,hard,brother|wife,spouse_family_chain|sibling_family_chain|possessive_relation_chain,Abraham Lincoln Neiman|Abraham Lincoln Neiman|Abraham Lincoln Neiman|Abraham Lincoln Neiman|Carrie Marcus Neiman,Carrie Marcus Neiman|Neiman Marcus|Derrill Osborn|Abraham Lincoln Neiman|Lawrence Marcus|Neiman Marcus Building|Ernestine Cannon|Bibliography of Abraham Lincoln|Minnie Lichtenstein Marcus|Stanley Marcus
hp_dev_7398,Who was the brother of the wife of the Democratic Party nomination for Vice President in 1972?,President John F. Kennedy,bridge,hard,brother|wife,spouse_family_chain|sibling_family_chain|nested_of_chain,Sargent Shriver|Sargent Shriver|Eunice Kennedy Shriver,"Ricardo Álvarez Arias|Young Democrats of North Carolina|Democratic Party presidential primaries, 2012|2016 Democratic National Convention|2000 Democratic National Convention|2008 Democratic National Convention|Hubert Humphrey presidential campaign, 1968|1932 Democratic National Convention|1916 Republican National Convention|Doug Duncan"
hp_dev_1892,"Matilda of Chester, Countess of Huntingdon's father was the son of which woman?",Maud of Gloucester,bridge,hard,father|son,parent_child_chain|possessive_relation_chain,"Matilda of Chester, Countess of Huntingdon|Hugh de Kevelioc, 5th Earl of Chester","Theophilus Hastings, 9th Earl of Huntingdon|Francis Hastings, 2nd Earl of Huntingdon|Abney-Hastings baronets|Isobel of Huntingdon|Henry of Scotland|Selina Hastings, Countess of Huntingdon|John of Scotland, Earl of Huntingdon|Matilda of Chester, Countess of Huntingdon|Margaret of Huntingdon, Lady of Galloway|Theophilus Hastings, 7th Earl of Huntingdon"
hp_dev_2485,"Who is the mother of Mary, Crown Princess of Denmark's husband?",Queen Margrethe II,bridge,hard,husband|mother,spouse_family_chain|possessive_relation_chain,"Mary, Crown Princess of Denmark|Frederik, Crown Prince of Denmark","John Dalgleish Donaldson|Yaza Datu Kalaya|Crown Princess (ship)|Princess Josephine of Denmark|Prince Vincent of Denmark|Duchess Cecilie of Mecklenburg-Schwerin|Princess Isabella of Denmark|Mary, Crown Princess of Denmark|Crown prince|Prince Christian of Denmark"
hp_dev_3422,"What team does the oldest son play for, from the family whose middle son plays for the Chicago Bulls and the mother and father and third son all played basketball.",Finland national football team,bridge,hard,father|mother|son,parent_child_chain,Pekka Markkanen|Pekka Markkanen|Pekka Markkanen|Pekka Markkanen|Eero Markkanen|Eero Markkanen,Windy City Bulls|Lauri Markkanen|John de Sequeyra|Larry Friend|2016–17 Miami Heat season|Viscount Molesworth|Pekka Markkanen|Calvin Duncan (basketball)|Everything I Never Told You|Hind Etin
hp_dev_3372,"The elder sister of Darleen Carr is best known for her role as which Von Trapp daughter in ""The Sound of Music?""",the eldest Von Trapp daughter,bridge,hard,daughter|sister,sibling_family_chain,Darleen Carr|Charmian Carr,The von Trapps|Rupert von Trapp|Hedwig von Trapp|Maria von Trapp|Charmian Carr|Maria Franziska von Trapp|Werner von Trapp|Martina von Trapp|Agathe von Trapp|Edelweiss (song)
hp_dev_4066,What soldier and statesman was also a brother to James FitzJames mother?,"John Churchill, 1st Duke of Marlborough",bridge,hard,brother|mother,sibling_family_chain,"James FitzJames, 1st Duke of Berwick|John Churchill, 1st Duke of Marlborough","House of FitzJames|Battle of Alcantara (1706)|James Fitzjames Stephen|James Fitzjames|James Stephen (British politician)|Duke of Berwick|Harry Lushington Stephen|Duke of Fitz-James|James FitzJames, 1st Duke of Berwick|James Butler, 2nd Duke of Ormonde"
hp_dev_4676,Who is the sister of Princess Zein and the daughter of a British woman?,Princess Aisha bint Hussein,bridge,hard,daughter|sister,sibling_family_chain,Princess Aisha bint Hussein|Princess Muna al-Hussein,Patsy Quick|Freda Bedi|Lavinia Ryves|Princess Aisha bint Hussein|Princess Zein bint Hussein|Flora Sandes|Lambeth slavery case|Princess Basma bint Talal|Ellie Downie|Beatrice Edgell
hp_dev_4737,What year did a Russian soprano opera singer born in October 1926 leave Russia with her cellist husband and daughter?,1974,bridge,hard,daughter|husband,spouse_family_chain,Galina Vishnevskaya|Elena Rostropovich,Galina Vishnevskaya|Julia Lezhneva|Annagul Annakuliyeva|Louise Chevalier|Maria Guleghina|Julia Novikova (soprano)|Schuch|Ludmilla Azova|Eleonora Vindau|Milka Stojanović
hp_dev_5290,Who starred as a divorced mother in an American sitcom produced by Danny Bonaduce's father?,Bonnie Franklin,bridge,hard,father|mother,possessive_relation_chain,Danny Bonaduce|Danny Bonaduce|One Day at a Time|One Day at a Time,VH1 Big in '06 Awards|Skip Kelly|Greatest Hits (Partridge Family album)|The Other Half (TV series)|One Day at a Time|Come On Get Happy: The Partridge Family Story|I Know My Kid's a Star|Danny (talk show)|H.O.T.S.|Breaking Bonaduce
hp_dev_5315,"Barnstable County Hospital was the location of the autopsy of the son of President John F. Kennedy and Jacqueline Kennedy, and the younger brother of who?",Caroline Kennedy,bridge,hard,brother|son,sibling_family_chain,Barnstable County Hospital|John F. Kennedy Jr.,John F. Kennedy Jr.|Kenneth O'Donnell|Rose Schlossberg|John F. Kennedy autopsy|Mark Shaw (photographer)|Carolyn Bessette-Kennedy|Pink Chanel suit of Jacqueline Bouvier Kennedy|Newton D. Baker House|Patrick Bouvier Kennedy|Barnstable County Hospital
hp_dev_6699,Mother and daughter duo Indian actresses appear in which type of films,Malayalam movies,bridge,hard,daughter|mother,parent_child_chain,Subbalakshmi|Subbalakshmi|Thara Kalyan,Ek Cup Cha|Manisha Koirala|Shabana Azmi|Before I Forget (album)|Germany in the Eurovision Song Contest 1988|Ragini (actress)|Mom (TV series)|Madd (duo)|MILF pornography|Goa Dalli CID 999
hp_dev_6741,"Don Swayze was one of five children.  His older brother was trained in dance by their mother, Patsy Swayze, leading to his role in ""Dirty Dancing"".  Who is his older brother?",Patrick Swayze,bridge,hard,brother|mother,sibling_family_chain,Patsy Swayze|Patsy Swayze|Patsy Swayze|Don Swayze|Don Swayze,Dirty Dancing: The Time of Your Life|Patsy Swayze|She's Like the Wind|Dirty Dancing|The Phoenix and the Carpet|Los Debutantes|More Dirty Dancing|Joshua Rosa|Dirty Dancing (1988 TV series)|Dirty Dancing (soundtrack)
hp_dev_6859,Whose father is the name of the son of the chief counsellor to the king in Hamlet taken from?,Odysseus,bridge,hard,father|son,parent_child_chain,Laertes (Hamlet)|Laertes (Hamlet)|Laertes (Hamlet)|Polonius,"Cassius Longinus (philosopher)|Adranodoros|Bramling|Alexander Comyn, Earl of Buchan|Polonius|Saint Eligius|Thorvald Asvaldsson|John Anstey (poet)|Ernő Mesterházy|Faildergdóit"
hp_dev_7097,"The actor of Professor Sprout in ""Harry Potter"" acted as a mother in a sitcom. In that sitcom, what was the daughter's name?",Fran,bridge,hard,daughter|mother,parent_child_chain,Bucket (TV series)|Miriam Margolyes,Lego Harry Potter|Lego Harry Potter: Years 1–4|Miriam Margolyes|A Very Potter Musical|Lego Harry Potter: Years 5–7|Fantastic Beasts and Where to Find Them|Danielle Elizabeth Tumminio|Harry Potter and the Deathly Hallows|Harry Potter and the Forbidden Journey|Harry Potter and the Philosopher's Stone (film)
hp_dev_7212,When did the husband of William Roper bornj who was also the father of  Margaret Roper?,7 February 14786,bridge,hard,father|husband,spouse_family_chain,Portrait Miniature of Margaret Roper|Portrait Miniature of Margaret Roper|Thomas More,"Bill Roper (American football)|William Roper|Thomas More Catholic School, Purley|Chris Roper|Russell Hill, Croydon|Margaret Roper|Portrait Miniature of Margaret Roper|Piesse Brook, Western Australia|Tudor Barn, Eltham|Robert William Roper House"
hp_dev_7220,The eldest daughter of Princess Louise of Denmark and Norway was the wife of a king whose motto was what?,God and the just cause,bridge,hard,daughter|wife,spouse_family_chain,Princess Louise of Denmark (1750–1831)|Princess Louise of Denmark (1750–1831)|Frederick VI of Denmark|Frederick VI of Denmark,"Princess Louise (sidewheeler)|Prince Henry, Count of Bardi|Princess Victoria Margaret of Prussia|Princess Alice of Parma (1849–1935)|Princess Margherita of Bourbon-Parma|Princess Louise of Denmark (1750–1831)|Princess Marie of Windisch-Graetz|Princess Louise of Belgium|Arthur Collins (courtier)|Princess Louise of Denmark (1875–1906)"
