run_id,target_task_id,split,condition,source_set_id,routing_decision,memory_attached,em,f1,token_usage,failure_status,note,pred_answer,gold_answer,prompt_chars
r1_no_memory_wiki_dev_8896_relevant,wiki_dev_8896,relevant,no_memory,hp_comparison_set_01,n/a,false,0,0.0,697,ok,,Billy Magoulias,Jean-Baptiste Le Prince,2812
r1_no_memory_wiki_dev_8896_irrelevant,wiki_dev_8896,irrelevant,no_memory,hp_bridge_set_01,n/a,false,0,0.0,697,ok,,Billy Magoulias,Jean-Baptiste Le Prince,2812
r1_episodic_trace_wiki_dev_8896_relevant,wiki_dev_8896,relevant,episodic_trace,hp_comparison_set_01,n/a,true,0,0.0,1623,ok,,Billy Magoulias,Jean-Baptiste Le Prince,6818
r1_cross_episode_consolidation_wiki_dev_8896_relevant,wiki_dev_8896,relevant,cross_episode_consolidation,hp_comparison_set_01,n/a,true,1,1.0,1408,ok,,Jean-Baptiste Le Prince,Jean-Baptiste Le Prince,6321
r1_episodic_trace_wiki_dev_8896_irrelevant,wiki_dev_8896,irrelevant,episodic_trace,hp_bridge_set_01,n/a,true,1,1.0,1527,ok,,Jean-Baptiste Le Prince,Jean-Baptiste Le Prince,6192
r1_cross_episode_consolidation_wiki_dev_8896_irrelevant,wiki_dev_8896,irrelevant,cross_episode_consolidation,hp_bridge_set_01,n/a,true,0,0.0,1395,ok,,Billy Magoulias,Jean-Baptiste Le Prince,6131
r1_no_memory_wiki_dev_0092_relevant,wiki_dev_0092,relevant,no_memory,hp_bridge_set_01,n/a,false,0,0.0,875,ok,,"Alexandria, Egypt",Paris,3002
r1_no_memory_wiki_dev_0092_irrelevant,wiki_dev_0092,irrelevant,no_memory,hp_comparison_set_01,n/a,false,0,0.0,875,ok,,"Alexandria, Egypt",Paris,3002
r1_episodic_trace_wiki_dev_0092_relevant,wiki_dev_0092,relevant,episodic_trace,hp_bridge_set_01,n/a,true,0,0.0,1702,ok,,Alex Joffé,Paris,6382
r1_cross_episode_consolidation_wiki_dev_0092_relevant,wiki_dev_0092,relevant,cross_episode_consolidation,hp_bridge_set_01,n/a,true,0,0.0,1572,ok,,Alex Joffé,Paris,6321
r1_episodic_trace_wiki_dev_0092_irrelevant,wiki_dev_0092,irrelevant,episodic_trace,hp_comparison_set_01,n/a,true,0,0.0,1800,ok,,Alex Joffé,Paris,7008
r1_cross_episode_consolidation_wiki_dev_0092_irrelevant,wiki_dev_0092,irrelevant,cross_episode_consolidation,hp_comparison_set_01,n/a,true,0,0.0,1583,ok,,Alex Joffé,Paris,6511
r1_no_memory_wiki_dev_10378_relevant,wiki_dev_10378,relevant,no_memory,hp_bridge_set_01,n/a,false,1,1.0,874,ok,,Bombay,Bombay,3082
r1_no_memory_wiki_dev_10378_irrelevant,wiki_dev_10378,irrelevant,no_memory,hp_comparison_set_01,n/a,false,1,1.0,874,ok,,Bombay,Bombay,3082
r1_episodic_trace_wiki_dev_10378_relevant,wiki_dev_10378,relevant,episodic_trace,hp_bridge_set_01,n/a,true,1,1.0,1702,ok,,Bombay,Bombay,6462
r1_cross_episode_consolidation_wiki_dev_10378_relevant,wiki_dev_10378,relevant,cross_episode_consolidation,hp_bridge_set_01,n/a,true,1,1.0,1572,ok,,Bombay,Bombay,6401
r1_episodic_trace_wiki_dev_10378_irrelevant,wiki_dev_10378,irrelevant,episodic_trace,hp_comparison_set_01,n/a,true,1,1.0,1800,ok,,Bombay,Bombay,7088
r1_cross_episode_consolidation_wiki_dev_10378_irrelevant,wiki_dev_10378,irrelevant,cross_episode_consolidation,hp_comparison_set_01,n/a,true,1,1.0,1583,ok,,Bombay,Bombay,6591
r1_no_memory_wiki_dev_7019_relevant,wiki_dev_7019,relevant,no_memory,hp_bridge_set_01,n/a,false,0,0.0,1161,ok,,Best Song,Sanremo Music Festival,4962
r1_no_memory_wiki_dev_7019_irrelevant,wiki_dev_7019,irrelevant,no_memory,hp_comparison_set_01,n/a,false,0,0.0,1161,ok,,Best Song,Sanremo Music Festival,4962
r1_episodic_trace_wiki_dev_7019_relevant,wiki_dev_7019,relevant,episodic_trace,hp_bridge_set_01,n/a,true,0,0.0,1989,ok,,Best Song,Sanremo Music Festival,8342
r1_cross_episode_consolidation_wiki_dev_7019_relevant,wiki_dev_7019,relevant,cross_episode_consolidation,hp_bridge_set_01,n/a,true,0,0.0,1859,ok,,Best Song,Sanremo Music Festival,8281
r1_episodic_trace_wiki_dev_7019_irrelevant,wiki_dev_7019,irrelevant,episodic_trace,hp_comparison_set_01,n/a,true,0,0.0,2087,ok,,Best Song,Sanremo Music Festival,8968
r1_cross_episode_consolidation_wiki_dev_7019_irrelevant,wiki_dev_7019,irrelevant,cross_episode_consolidation,hp_comparison_set_01,n/a,true,0,0.0,1870,ok,,Best Song,Sanremo Music Festival,8471
r1_no_memory_wiki_dev_0123_relevant,wiki_dev_0123,relevant,no_memory,hp_comparison_set_01,n/a,false,1,1.0,1903,ok,,Leave It To Henry,Leave It To Henry,7263
r1_no_memory_wiki_dev_0123_irrelevant,wiki_dev_0123,irrelevant,no_memory,hp_bridge_set_01,n/a,false,1,1.0,1903,ok,,Leave It To Henry,Leave It To Henry,7263
r1_episodic_trace_wiki_dev_0123_relevant,wiki_dev_0123,relevant,episodic_trace,hp_comparison_set_01,n/a,true,1,1.0,2829,ok,,Leave It To Henry,Leave It To Henry,11269
r1_cross_episode_consolidation_wiki_dev_0123_relevant,wiki_dev_0123,relevant,cross_episode_consolidation,hp_comparison_set_01,n/a,true,1,1.0,2612,ok,,Leave It To Henry,Leave It To Henry,10772
r1_episodic_trace_wiki_dev_0123_irrelevant,wiki_dev_0123,irrelevant,episodic_trace,hp_bridge_set_01,n/a,true,1,1.0,2731,ok,,Leave It To Henry,Leave It To Henry,10643
r1_cross_episode_consolidation_wiki_dev_0123_irrelevant,wiki_dev_0123,irrelevant,cross_episode_consolidation,hp_bridge_set_01,n/a,true,1,1.0,2601,ok,,Leave It To Henry,Leave It To Henry,10582
r1_no_memory_wiki_dev_10727_relevant,wiki_dev_10727,relevant,no_memory,hp_comparison_set_01,n/a,false,1,1.0,748,ok,,Au revoir les enfants,Au Revoir Les Enfants,2936
r1_no_memory_wiki_dev_10727_irrelevant,wiki_dev_10727,irrelevant,no_memory,hp_bridge_set_01,n/a,false,1,1.0,748,ok,,Au revoir les enfants,Au Revoir Les Enfants,2936
r1_episodic_trace_wiki_dev_10727_relevant,wiki_dev_10727,relevant,episodic_trace,hp_comparison_set_01,n/a,true,1,1.0,1674,ok,,Au revoir les enfants,Au Revoir Les Enfants,6942
r1_cross_episode_consolidation_wiki_dev_10727_relevant,wiki_dev_10727,relevant,cross_episode_consolidation,hp_comparison_set_01,n/a,true,1,1.0,1457,ok,,Au revoir les enfants,Au Revoir Les Enfants,6445
r1_episodic_trace_wiki_dev_10727_irrelevant,wiki_dev_10727,irrelevant,episodic_trace,hp_bridge_set_01,n/a,true,1,1.0,1576,ok,,Au revoir les enfants,Au Revoir Les Enfants,6316
r1_cross_episode_consolidation_wiki_dev_10727_irrelevant,wiki_dev_10727,irrelevant,cross_episode_consolidation,hp_bridge_set_01,n/a,true,1,1.0,1446,ok,,Au revoir les enfants,Au Revoir Les Enfants,6255
r1_no_memory_wiki_dev_12298_relevant,wiki_dev_12298,relevant,no_memory,hp_comparison_set_01,n/a,false,0,0.0,989,ok,,A Day For Lionhearts,Self-Made Maids,3595
r1_no_memory_wiki_dev_12298_irrelevant,wiki_dev_12298,irrelevant,no_memory,hp_bridge_set_01,n/a,false,0,0.0,989,ok,,A Day For Lionhearts,Self-Made Maids,3595
r1_episodic_trace_wiki_dev_12298_relevant,wiki_dev_12298,relevant,episodic_trace,hp_comparison_set_01,n/a,true,0,0.0,1915,ok,,A Day For Lionhearts,Self-Made Maids,7601
r1_cross_episode_consolidation_wiki_dev_12298_relevant,wiki_dev_12298,relevant,cross_episode_consolidation,hp_comparison_set_01,n/a,true,0,0.0,1698,ok,,A Day For Lionhearts,Self-Made Maids,7104
r1_episodic_trace_wiki_dev_12298_irrelevant,wiki_dev_12298,irrelevant,episodic_trace,hp_bridge_set_01,n/a,true,0,0.0,1817,ok,,A Day For Lionhearts,Self-Made Maids,6975
r1_cross_episode_consolidation_wiki_dev_12298_irrelevant,wiki_dev_12298,irrelevant,cross_episode_consolidation,hp_bridge_set_01,n/a,true,0,0.0,1687,ok,,A Day For Lionhearts,Self-Made Maids,6914
r1_no_memory_wiki_dev_2639_relevant,wiki_dev_2639,relevant,no_memory,hp_bridge_set_01,n/a,false,0,0.0,1780,ok,,"Francis Godolphin, 2nd Earl of Godolphin",Henry Pelham,6841
r1_no_memory_wiki_dev_2639_irrelevant,wiki_dev_2639,irrelevant,no_memory,hp_comparison_set_01,n/a,false,0,0.0,1780,ok,,"Francis Godolphin, 2nd Earl of Godolphin",Henry Pelham,6841
r1_episodic_trace_wiki_dev_2639_relevant,wiki_dev_2639,relevant,episodic_trace,hp_bridge_set_01,n/a,true,0,0.0,2608,ok,,"Francis Godolphin, 2nd Earl of Godolphin",Henry Pelham,10221
r1_cross_episode_consolidation_wiki_dev_2639_relevant,wiki_dev_2639,relevant,cross_episode_consolidation,hp_bridge_set_01,n/a,true,0,0.0,2469,ok,,Francis Godolphin,Henry Pelham,10160
r1_episodic_trace_wiki_dev_2639_irrelevant,wiki_dev_2639,irrelevant,episodic_trace,hp_comparison_set_01,n/a,true,0,0.0,2706,ok,,"Francis Godolphin, 2nd Earl of Godolphin",Henry Pelham,10847
r1_cross_episode_consolidation_wiki_dev_2639_irrelevant,wiki_dev_2639,irrelevant,cross_episode_consolidation,hp_comparison_set_01,n/a,true,0,0.0,2485,ok,,"John Churchill, 1st Duke of Marlborough",Henry Pelham,10350
r1_no_memory_wiki_dev_6083_relevant,wiki_dev_6083,relevant,no_memory,hp_bridge_set_01,n/a,false,0,0.0,779,ok,,Spain,Spanish,2882
r1_no_memory_wiki_dev_6083_irrelevant,wiki_dev_6083,irrelevant,no_memory,hp_comparison_set_01,n/a,false,0,0.0,779,ok,,Spain,Spanish,2882
r1_episodic_trace_wiki_dev_6083_relevant,wiki_dev_6083,relevant,episodic_trace,hp_bridge_set_01,n/a,true,0,0.0,1607,ok,,Spain,Spanish,6262
r1_cross_episode_consolidation_wiki_dev_6083_relevant,wiki_dev_6083,relevant,cross_episode_consolidation,hp_bridge_set_01,n/a,true,0,0.0,1477,ok,,Spain,Spanish,6201
r1_episodic_trace_wiki_dev_6083_irrelevant,wiki_dev_6083,irrelevant,episodic_trace,hp_comparison_set_01,n/a,true,0,0.0,1705,ok,,Spain,Spanish,6888
r1_cross_episode_consolidation_wiki_dev_6083_irrelevant,wiki_dev_6083,irrelevant,cross_episode_consolidation,hp_comparison_set_01,n/a,true,0,0.0,1488,ok,,Spain,Spanish,6391
r1_no_memory_wiki_dev_1379_relevant,wiki_dev_1379,relevant,no_memory,hp_bridge_set_01,n/a,false,0,0.2222,1458,ok,,Edward I of England,"Theobald II, Count of Bar",5630
r1_no_memory_wiki_dev_1379_irrelevant,wiki_dev_1379,irrelevant,no_memory,hp_comparison_set_01,n/a,false,0,0.2222,1458,ok,,Edward I of England,"Theobald II, Count of Bar",5630
r1_episodic_trace_wiki_dev_1379_relevant,wiki_dev_1379,relevant,episodic_trace,hp_bridge_set_01,n/a,true,0,0.2222,2286,ok,,Edward I of England,"Theobald II, Count of Bar",9010
r1_cross_episode_consolidation_wiki_dev_1379_relevant,wiki_dev_1379,relevant,cross_episode_consolidation,hp_bridge_set_01,n/a,true,0,0.2222,2156,ok,,Edward I of England,"Theobald II, Count of Bar",8949
r1_episodic_trace_wiki_dev_1379_irrelevant,wiki_dev_1379,irrelevant,episodic_trace,hp_comparison_set_01,n/a,true,0,0.2222,2384,ok,,Edward I of England,"Theobald II, Count of Bar",9636
r1_cross_episode_consolidation_wiki_dev_1379_irrelevant,wiki_dev_1379,irrelevant,cross_episode_consolidation,hp_comparison_set_01,n/a,true,0,0.2222,2167,ok,,Edward I of England,"Theobald II, Count of Bar",9139
